split,coco_accuracy,box_accuracy,delta_accuracy,coco_recall,box_recall,delta_recall,coco_mAP,box_mAP,delta_mAP,coco_maskaware_precision,box_maskaware_precision,delta_maskaware_precision
random,0.224,0.226,0.0020000000000000018,0.379,0.29,-0.08900000000000002,0.04,0.032,-0.008,0.763,0.778,0.015000000000000013
zeroshot,0.16,0.183,0.022999999999999993,0.247,0.267,0.020000000000000018,0.016,0.023,0.006999999999999999,0.759,0.808,0.049000000000000044
