IDX,SHAPE_LNG,SHAPE_LAT,GENUS,TAXONOMY_ID
5d11ebf4-44e5-4cc4-8983-c2bd42d47722,-114.03621270000001,51.0637775,larix,162
a8d00203-21d5-459e-932c-548b28e48a6a,-114.124315,51.0996315,ulmus,313
6e6db083-71cc-4e58-a22f-5869d835c596,-114.1521037,51.038129999999995,prunus,235
806b94dc-4665-45df-a890-8101e3a7f14a,-114.1630135,51.0405149,pyrus,246